{"train/loss/object/loss_cont": 3.0045968103408813, "train/loss/object/loss_heatmap": 2.7123552465438845, "train/loss/object/layer_-1_loss_cls": 1.5420769798755645, "train/loss/object/layer_-1_loss_bbox": 3.1785768985748293, "train/stats/object/matched_ious": 0.09143211223185062, "train/loss": 10.43760591506958, "train/grad_norm": 21.499208278656006, "learning_rate": 0.00011984, "momentum": 0.9, "_timestamp": 1664896165.2881691, "_runtime": 451.1166310310364, "_step": 500}