{"train/loss/object/loss_cont": 6.043993692398072, "train/loss/object/loss_heatmap": 235.73002700805665, "train/loss/object/layer_-1_loss_cls": 0.49458136200904845, "train/loss/object/layer_-1_loss_bbox": 7.912119092941285, "train/stats/object/matched_ious": 0.007390619632215021, "train/loss": 250.18072219848634, "train/grad_norm": 0.0, "learning_rate": 0.001, "momentum": 0.9, "_timestamp": 1664796385.553848, "_runtime": 12407.313764095306, "_step": 14050}