{"train/loss/object/loss_cont": 5.996476354598999, "train/loss/object/loss_heatmap": 1.81860475897789, "train/loss/object/layer_-1_loss_cls": 0.3651607260107994, "train/loss/object/layer_-1_loss_bbox": 1.7821043646335601, "train/stats/object/matched_ious": 0.2502794599533081, "train/loss": 9.96234619140625, "train/grad_norm": 13.682948017120362, "learning_rate": 0.0001, "momentum": 0.9, "_timestamp": 1664783318.945508, "_runtime": 5176.116888999939, "_step": 5800}