{"train/loss/object/loss_cont": 0.508301362991333, "train/loss/object/loss_heatmap": 8.207681078910827, "train/loss/object/layer_-1_loss_cls": 6.6216155052185055, "train/loss/object/layer_-1_loss_bbox": 9.005618419647217, "train/stats/object/matched_ious": 0.01358885869194637, "train/loss": 24.343216514587404, "train/grad_norm": 92.02429624557494, "learning_rate": 5.3200000000000006e-05, "momentum": 0.9, "_timestamp": 1664538817.9111328, "_runtime": 139.46502590179443, "_step": 150}