{"train/loss/object/loss_cont": 3.0033828592300416, "train/loss/object/loss_heatmap": 15.115524787902832, "train/loss/object/layer_-1_loss_cls": 8.305685138702392, "train/loss/object/layer_-1_loss_bbox": 9.340316801071166, "train/stats/object/matched_ious": 0.014117360179370734, "train/loss": 35.76491004943848, "train/grad_norm": 191.77487201690673, "learning_rate": 6.054018386197807e-05, "momentum": 0.9, "_timestamp": 1664892732.3451338, "_runtime": 130.6288537979126, "_step": 131, "_wandb": {"runtime": 175}}