{"train/loss/object/loss_cont": 3.0047667455673217, "train/loss/object/loss_heatmap": 2.9439813899993896, "train/loss/object/layer_-1_loss_cls": 4.4019572329521175, "train/loss/object/layer_-1_loss_bbox": 3.8320035314559937, "train/stats/object/matched_ious": 0.06998981446027756, "train/loss": 14.182708892822266, "train/grad_norm": 44.15319429397583, "learning_rate": 7.984000000000001e-05, "momentum": 0.9, "_timestamp": 1664896508.9191737, "_runtime": 257.7579436302185, "_step": 250}