{"train/loss/object/loss_cont": 6.00690920829773, "train/loss/object/loss_heatmap": 1870.5400854492189, "train/loss/object/layer_-1_loss_cls": 14.091074652671814, "train/loss/object/layer_-1_loss_bbox": 9.461607971191405, "train/stats/object/matched_ious": 0.015198490411203238, "train/loss": 1900.0996746826172, "train/grad_norm": NaN, "learning_rate": 3.986666666666666e-05, "momentum": 0.9, "_timestamp": 1664720276.841898, "_runtime": 57.51512694358826, "_step": 50}