{"train/loss/object/loss_cont": 6.00804407119751, "train/loss/object/loss_heatmap": 1614.5731457519532, "train/loss/object/layer_-1_loss_cls": 13.490115160942077, "train/loss/object/layer_-1_loss_bbox": 10.772101898193359, "train/stats/object/matched_ious": 0.013462092748377473, "train/loss": 1644.8434106445313, "train/grad_norm": NaN, "learning_rate": 3.986666666666666e-05, "momentum": 0.9, "_timestamp": 1664817476.065086, "_runtime": 48.83560490608215, "_step": 50}