{"train/loss/object/loss_cont": 3.003572816848755, "train/loss/object/loss_heatmap": 15.070333380699157, "train/loss/object/layer_-1_loss_cls": 8.253620586395265, "train/loss/object/layer_-1_loss_bbox": 9.304369411468507, "train/stats/object/matched_ious": 0.013475897444791371, "train/loss": 35.63189651489258, "train/grad_norm": 195.18386379241943, "learning_rate": 6.054018386197807e-05, "momentum": 0.9, "_timestamp": 1664892505.7005782, "_runtime": 136.44595313072205, "_step": 131, "_wandb": {"runtime": 180}}