{"train/loss/object/loss_heatmap": 8.437583079338074, "train/loss/object/layer_-1_loss_cls": 6.990397052764893, "train/loss/object/layer_-1_loss_bbox": 8.889852685928345, "train/stats/object/matched_ious": 0.017001696001389063, "train/loss": 24.317832679748534, "train/grad_norm": 107.05286231994629, "learning_rate": 5.3200000000000006e-05, "momentum": 0.9, "_timestamp": 1664812915.8485568, "_runtime": 104.70334386825562, "_step": 150, "_wandb": {"runtime": 138}}