{"train/loss/object/loss_cont": 6.006294193267823, "train/loss/object/loss_heatmap": 1865.3237609863281, "train/loss/object/layer_-1_loss_cls": 14.074480838775635, "train/loss/object/layer_-1_loss_bbox": 9.415844163894654, "train/stats/object/matched_ious": 0.01367489876721371, "train/loss": 1894.820378112793, "train/grad_norm": NaN, "learning_rate": 3.986666666666666e-05, "momentum": 0.9, "_timestamp": 1664778077.3935347, "_runtime": 50.15537071228027, "_step": 50}