{"train/loss/object/loss_cont": 5.996774139404297, "train/loss/object/loss_heatmap": 199.35246952056886, "train/loss/object/layer_-1_loss_cls": 15.30191215991974, "train/loss/object/layer_-1_loss_bbox": 9.228146991729737, "train/stats/object/matched_ious": 0.003425174338917714, "train/loss": 229.8793016052246, "train/grad_norm": 2185.0392016601563, "learning_rate": 4.653333333333333e-05, "momentum": 0.9, "_timestamp": 1664812641.6399555, "_runtime": 96.68110060691833, "_step": 100}