{"train/loss/object/loss_cont": 3.001591067314148, "train/loss/object/loss_heatmap": 32.982970800399784, "train/loss/object/layer_-1_loss_cls": 8.847410984039307, "train/loss/object/layer_-1_loss_bbox": 10.398010053634643, "train/stats/object/matched_ious": 0.0034267229573379156, "train/loss": 55.22998310089111, "train/grad_norm": 415.15697593688964, "learning_rate": 5.0450153218315056e-05, "momentum": 0.9, "_timestamp": 1664885009.8535874, "_runtime": 127.19303131103516, "_step": 131, "_wandb": {"runtime": 171}}