{"train/loss/object/loss_heatmap": 199.73274967193603, "train/loss/object/layer_-1_loss_cls": 14.696525807380675, "train/loss/object/layer_-1_loss_bbox": 8.478138656616212, "train/stats/object/matched_ious": 0.0030486372715677135, "train/loss": 222.90741333007813, "train/grad_norm": 2182.77806640625, "learning_rate": 4.653333333333333e-05, "momentum": 0.9, "_timestamp": 1664895629.3745596, "_runtime": 70.23819661140442, "_step": 100}